{
	"info": {
		"_postman_id": "162283dd-65e4-4a13-b23e-a8917638b933",
		"name": "CRUD Laravel",
		"schema": "https://schema.getpostman.com/json/collection/v2.1.0/collection.json"
	},
	"item": [
		{
			"name": "Create Data",
			"request": {
				"method": "POST",
				"header": [],
				"body": {
					"mode": "raw",
					"raw": "{\r\n    \"product_name\" : \"Chitato Rasa Ayam Panggang\",\r\n    \"product_type\" : \"snack\",\r\n    \"expired_at\" : \"2022-12-01\",\r\n    \"product_price\" : 100000\r\n}",
					"options": {
						"raw": {
							"language": "json"
						}
					}
				},
				"url": {
					"raw": "http://127.0.0.1:8000/api/product",
					"protocol": "http",
					"host": [
						"127",
						"0",
						"0",
						"1"
					],
					"port": "8000",
					"path": [
						"api",
						"product"
					]
				}
			},
			"response": []
		},
		{
			"name": "Read All Data",
			"request": {
				"method": "GET",
				"header": []
			},
			"response": []
		},
		{
			"name": "Read Data By Id",
			"request": {
				"method": "GET",
				"header": []
			},
			"response": []
		},
		{
			"name": "Read by Similar Name",
			"request": {
				"method": "GET",
				"header": []
			},
			"response": []
		},
		{
			"name": "Update data by ID",
			"request": {
				"method": "PUT",
				"header": [],
				"body": {
					"mode": "raw",
					"raw": "{\r\n    \"product_name\" : \"Happy Meals\",\r\n    \"product_type\" : \"drug\",\r\n    \"expired_at\" : \"2022-12-30\",\r\n    \"product_price\" : 15000\r\n}",
					"options": {
						"raw": {
							"language": "json"
						}
					}
				},
				"url": {
					"raw": "http://127.0.0.1:8000/api/product/3",
					"protocol": "http",
					"host": [
						"127",
						"0",
						"0",
						"1"
					],
					"port": "8000",
					"path": [
						"api",
						"product",
						"3"
					]
				}
			},
			"response": []
		},
		{
			"name": "Delete data by ID",
			"request": {
				"method": "DELETE",
				"header": [],
				"url": {
					"raw": "http://127.0.0.1:8000/api/product/4",
					"protocol": "http",
					"host": [
						"127",
						"0",
						"0",
						"1"
					],
					"port": "8000",
					"path": [
						"api",
						"product",
						"4"
					]
				}
			},
			"response": []
		}
	]
}